{
  "MAE": 67.59408569335938,
  "MSE": 10285.3427734375,
  "RMSE": 101.41667897065798,
  "MAPE_percent": 483.5945739746094,
  "sMAPE_percent": 38.135101318359375,
  "R2": 0.9914190769195557,
  "NRMSE": 0.025471843315697035,
  "MASE": 0.258497029542923,
  "Approx_Forecast_Accuracy_percent": -383.5945739746094
}