{
  "MAE": 26.438417434692383,
  "MSE": 1325.2301025390625,
  "RMSE": 36.403710010644005,
  "MAPE_percent": 4.059570789337158,
  "sMAPE_percent": 4.094959259033203,
  "R2": 0.9919403195381165,
  "NRMSE": 0.022866844887288407,
  "MASE": 0.27468475699424744,
  "Approx_Forecast_Accuracy_percent": 95.9404296875
}