{
  "MAE": 176.69290161132812,
  "MSE": 52215.13671875,
  "RMSE": 228.50631658391853,
  "MAPE_percent": 3.4588348865509033,
  "sMAPE_percent": 3.533781051635742,
  "R2": 0.9190096855163574,
  "NRMSE": 0.05039306971916081,
  "MASE": 0.7652579545974731,
  "Approx_Forecast_Accuracy_percent": 96.54116821289062
}