{
  "MAE": 182.01287841796875,
  "MSE": 49777.0390625,
  "RMSE": 223.10768490238073,
  "MAPE_percent": 3.156485080718994,
  "sMAPE_percent": 3.2181944847106934,
  "R2": 0.7053112983703613,
  "NRMSE": 0.09786625720545813,
  "MASE": 2.0711963176727295,
  "Approx_Forecast_Accuracy_percent": 96.84351348876953
}